,id,id_str,name,screen_name,location,url,description,translator_type,protected,verified,followers_count,friends_count,listed_count,favourites_count,statuses_count,created_at,utc_offset,time_zone,geo_enabled,lang,contributors_enabled,is_translator,profile_background_color,profile_background_image_url,profile_background_image_url_https,profile_background_tile,profile_link_color,profile_sidebar_border_color,profile_sidebar_fill_color,profile_text_color,profile_use_background_image,profile_image_url,profile_image_url_https,profile_banner_url,default_profile,default_profile_image,following,follow_request_sent,notifications
0,816822333847588864,816822333847588864,Linda M G üíãüá∫üá∏‚öìÔ∏èüöÇ üë†üë†,LindaMaryGG,,,"""I carry your ‚ù§Ô∏è with me, I carry it in my ‚ù§Ô∏è"" ü¶ã~E.E.Cummings~üá∫üá∏ #MAGA üá∫üá∏ #TRUMP2020 üöÇüöÇüöÇüí®üí® #WalkAway üá∫üá∏ F/B: General Flynn & Alveda King",none,False,False,20956,20674,11,69613,37138,2017-01-05 01:43:15+00:00,,,False,,False,False,F5F8FA,,,False,1DA1F2,C0DEED,DDEEF6,333333,True,http://pbs.twimg.com/profile_images/1175603856132255744/amIr84HN_normal.jpg,https://pbs.twimg.com/profile_images/1175603856132255744/amIr84HN_normal.jpg,https://pbs.twimg.com/profile_banners/816822333847588864/1563841101,True,False,,,
1,863857568,863857568,aranom,aranom12,,,"I wasn't born in Texas, but I got here as fast as I could",none,False,False,1111,308,0,227127,165658,2012-10-06 00:00:09+00:00,,,False,,False,False,C0DEED,http://abs.twimg.com/images/themes/theme1/bg.png,https://abs.twimg.com/images/themes/theme1/bg.png,False,1DA1F2,C0DEED,DDEEF6,333333,True,http://abs.twimg.com/sticky/default_profile_images/default_profile_normal.png,https://abs.twimg.com/sticky/default_profile_images/default_profile_normal.png,,True,False,,,
2,940857111843614720,940857111843614720,Adamüáµüá∑,SagittariusUsNe,United States,,Informing you about what's happening,none,False,False,450,1864,8,39925,91667,2017-12-13 08:13:10+00:00,,,False,,False,False,000000,http://abs.twimg.com/images/themes/theme1/bg.png,https://abs.twimg.com/images/themes/theme1/bg.png,False,ABB8C2,000000,000000,000000,False,http://pbs.twimg.com/profile_images/1146296953443102720/QvWFXlya_normal.png,https://pbs.twimg.com/profile_images/1146296953443102720/QvWFXlya_normal.png,https://pbs.twimg.com/profile_banners/940857111843614720/1562133451,False,False,,,
3,752986216476409857,752986216476409856,FantasyFootballTime,FantFballFan,,,Just here for the fantasy football news. Don't mind me.,none,False,False,94,141,3,41962,31294,2016-07-12 22:01:19+00:00,,,False,,False,False,F5F8FA,,,False,1DA1F2,C0DEED,DDEEF6,333333,True,http://pbs.twimg.com/profile_images/941139802497437698/osGJn4li_normal.jpg,https://pbs.twimg.com/profile_images/941139802497437698/osGJn4li_normal.jpg,https://pbs.twimg.com/profile_banners/752986216476409857/1468361843,True,False,,,
4,824741783141617664,824741783141617664,Set Us Free #UniteBlue üÜò,CmooreTruth,,,The whining üë∂ occupying the WH is an illegitimate treasonous parasite. #IndictTrump #TRE45ON #Resist üí¶ #BlueWave üåä #TrumpResign üí¶#TheGlobalResistanceüíß,none,False,False,5074,5581,5,66023,76111,2017-01-26 22:12:18+00:00,,,True,,False,False,F5F8FA,,,False,1DA1F2,C0DEED,DDEEF6,333333,True,http://pbs.twimg.com/profile_images/963185326565961728/Ohmlo5bz_normal.jpg,https://pbs.twimg.com/profile_images/963185326565961728/Ohmlo5bz_normal.jpg,https://pbs.twimg.com/profile_banners/824741783141617664/1518477194,True,False,,,
5,897892044022194176,897892044022194176,Linda Lane,LindaSue1509,"Hoover, AL",,"Raised Texan. 
Retired RN.
Grandmother of teens.",none,False,False,394,828,1,9154,7804,2017-08-16 18:45:20+00:00,,,True,,False,False,F5F8FA,,,False,1DA1F2,C0DEED,DDEEF6,333333,True,http://pbs.twimg.com/profile_images/1096368199044685824/XsqBi3lS_normal.jpg,https://pbs.twimg.com/profile_images/1096368199044685824/XsqBi3lS_normal.jpg,,True,False,,,
6,742369903500361732,742369903500361728,Case1030‚òòÔ∏èüá∫üá∏‚úùÔ∏è,CASE103060,"Arizona, USA",,"#MAGA ... #KeepAmericaGreat 2020 üëÄNote: Not looking for a date, liaison, hook-up, etc.‚ÄºÔ∏è Thanks‚òòÔ∏è üéóÔ∏è#EndALZüíú",none,False,False,13647,10672,58,80138,52171,2016-06-13 14:55:52+00:00,,,False,,False,False,000000,http://abs.twimg.com/images/themes/theme1/bg.png,https://abs.twimg.com/images/themes/theme1/bg.png,False,F58EA8,000000,000000,000000,False,http://pbs.twimg.com/profile_images/751505791090253824/JfjaWjee_normal.jpg,https://pbs.twimg.com/profile_images/751505791090253824/JfjaWjee_normal.jpg,https://pbs.twimg.com/profile_banners/742369903500361732/1483337535,False,False,,,
7,15201203,15201203,Alex Super Elite,DeplorableAlex,"California, USA",,"1st LT Army Special Forces, Vietnam '67-'68. 37 yrs w/my beautiful wife. I can do all things through Christ who strengthens me. ONLY Trump!",none,False,False,4399,4998,28,92590,159409,2008-06-22 22:04:35+00:00,,,False,,False,False,000000,http://abs.twimg.com/images/themes/theme1/bg.png,https://abs.twimg.com/images/themes/theme1/bg.png,False,9266CC,000000,000000,000000,False,http://pbs.twimg.com/profile_images/918220272930398209/2znOZx8t_normal.jpg,https://pbs.twimg.com/profile_images/918220272930398209/2znOZx8t_normal.jpg,https://pbs.twimg.com/profile_banners/15201203/1476224054,False,False,,,
8,58858934,58858934,Terry Thies,Grwow,"Kentucky, USA",,I'm with #TheResistance. #Impeachmentforall  \#ImWithHer and always will be. #FBR. I block Trump lovers & Hillary haters. No DM's please.,none,False,False,3980,4999,17,27426,28498,2009-07-21 17:30:03+00:00,,,False,,False,False,C0DEED,http://abs.twimg.com/images/themes/theme1/bg.png,https://abs.twimg.com/images/themes/theme1/bg.png,False,1DA1F2,C0DEED,DDEEF6,333333,True,http://pbs.twimg.com/profile_images/981746184472748032/MsbUraOa_normal.jpg,https://pbs.twimg.com/profile_images/981746184472748032/MsbUraOa_normal.jpg,https://pbs.twimg.com/profile_banners/58858934/1544298098,True,False,,,
9,2993603588,2993603588,El Bebe,budiboggs,,,,none,False,False,174,239,0,51833,28341,2015-01-23 16:28:42+00:00,,,False,,False,False,000000,http://abs.twimg.com/images/themes/theme1/bg.png,https://abs.twimg.com/images/themes/theme1/bg.png,False,4A913C,000000,000000,000000,True,http://pbs.twimg.com/profile_images/1128659130753875975/aYv2zWW1_normal.jpg,https://pbs.twimg.com/profile_images/1128659130753875975/aYv2zWW1_normal.jpg,,False,False,,,
10,1020579079114743809,1020579079114743808,Susan Kennedy,heard_kennedy,,,,none,False,False,316,1906,0,5345,4748,2018-07-21 07:59:48+00:00,,,False,,False,False,F5F8FA,,,False,1DA1F2,C0DEED,DDEEF6,333333,True,http://pbs.twimg.com/profile_images/1142534120943153153/GccPdYX5_normal.jpg,https://pbs.twimg.com/profile_images/1142534120943153153/GccPdYX5_normal.jpg,,True,False,,,
11,1093619875510128640,1093619875510128640,CodyKonoha,CodyKonoha,,,Questing for Absolute Truth & Everlasting Love,none,False,False,6,141,0,410,347,2019-02-07 21:17:51+00:00,,,False,,False,False,F5F8FA,,,False,1DA1F2,C0DEED,DDEEF6,333333,True,http://pbs.twimg.com/profile_images/1185449816643555328/G9aka-9s_normal.jpg,https://pbs.twimg.com/profile_images/1185449816643555328/G9aka-9s_normal.jpg,,True,False,,,
12,889419387584876544,889419387584876544,Rita Mcquinn,rita_mcquinn,,,,none,False,False,54,157,0,23398,7214,2017-07-24 09:38:01+00:00,,,False,,False,False,F5F8FA,,,False,1DA1F2,C0DEED,DDEEF6,333333,True,http://abs.twimg.com/sticky/default_profile_images/default_profile_normal.png,https://abs.twimg.com/sticky/default_profile_images/default_profile_normal.png,,True,False,,,
13,800634698,800634698,Julie üá∫üá∏üá∫üá∏üá∫üá∏üòäüòäüòä,TeverettsJulie,Ohio,,#Trump2020 #MAGA #BulidTheWall #KAG #TrumpTrain Co üá∫üá∏üá∫üá∏ üá∫üá∏üá∫üá∏#WomenForTrump @realDonaldTrumpüá∫üá∏üá∫üá∏I am Married üá∫üá∏NOT A DATING SERVICE !!!!!,none,False,False,13842,13904,14,80798,105116,2012-09-03 15:31:46+00:00,,,False,,False,False,C0DEED,http://abs.twimg.com/images/themes/theme1/bg.png,https://abs.twimg.com/images/themes/theme1/bg.png,False,1DA1F2,C0DEED,DDEEF6,333333,True,http://pbs.twimg.com/profile_images/1172567839540154368/1W-MbRZv_normal.jpg,https://pbs.twimg.com/profile_images/1172567839540154368/1W-MbRZv_normal.jpg,https://pbs.twimg.com/profile_banners/800634698/1566040507,True,False,,,
14,18990791,18990791,Manning the Ship,manningtheship,"Kansas City, MO",http://hoh-rare.com,Stumbling toward Grace. #SMH I‚ù§Ô∏èJesus #BetterTogether #MomsOnDemand #adoptedroyal #816proud #wearethenorth #Motivated #Notmad,none,False,False,1125,978,84,19416,60500,2009-01-14 19:23:54+00:00,,,False,,False,False,642D8B,http://abs.twimg.com/images/themes/theme7/bg.gif,https://abs.twimg.com/images/themes/theme7/bg.gif,True,080404,EADCED,F3F716,3D1957,True,http://pbs.twimg.com/profile_images/1171859303902437376/zmus7RZ6_normal.jpg,https://pbs.twimg.com/profile_images/1171859303902437376/zmus7RZ6_normal.jpg,https://pbs.twimg.com/profile_banners/18990791/1568228005,False,False,,,
15,799485265941295105,799485265941295104,Laurabellee,Laurabellee63,USA,,"Proud to be an American!üá∫üá∏Wife, Mother and Grandmother. Make America SAFE! I love my President! #MAGA #Trump2020 #buildthewall #trumptrain2020",none,False,False,4043,4316,2,25636,17455,2016-11-18 05:31:55+00:00,,,True,,False,False,F5F8FA,,,False,1DA1F2,C0DEED,DDEEF6,333333,True,http://pbs.twimg.com/profile_images/825954171786518529/KHJOCaR9_normal.jpg,https://pbs.twimg.com/profile_images/825954171786518529/KHJOCaR9_normal.jpg,https://pbs.twimg.com/profile_banners/799485265941295105/1485759561,True,False,,,
16,2593708296,2593708296,Amene,Ange_Amene,California,http://paypal.me/AngeAmene,"My OPINION OVERRIDES YOURS AT ALL TIMES. Don't ask me to do your research.

TWEETS ABOUT RACISM, SANDERS, WHITE PRIVILEGE


#VoteLikeBlackWomen #SupportiveBitch",none,False,False,23370,5055,168,174035,112790,2014-06-28 21:45:04+00:00,,,True,,False,False,C0DEED,http://abs.twimg.com/images/themes/theme1/bg.png,https://abs.twimg.com/images/themes/theme1/bg.png,False,1DA1F2,C0DEED,DDEEF6,333333,True,http://pbs.twimg.com/profile_images/1155975277152858112/cUhfYRxM_normal.jpg,https://pbs.twimg.com/profile_images/1155975277152858112/cUhfYRxM_normal.jpg,https://pbs.twimg.com/profile_banners/2593708296/1553534318,True,False,,,
17,3070449926,3070449926,none ofyourbusiness,imnotgonnashare,South of the Equator üáßüá∑üá®üá¶,https://secure.donaldjtrump.com/donate/?utm_medium=ad&utm_source=dp_googlesearch&utm_campaign=201907,"Proud Christian, Father, Retired Marine, Lovely Wife (Brazilian) Who is Proud Supporter of Both Pres Trump & Balsonaro! Support MAGA & KAG!üá∫üá∏üáßüá∑üá®üá¶üá∫üá∏",none,False,False,3203,3226,1,5828,4899,2015-03-10 01:01:09+00:00,,,False,,False,False,C0DEED,http://abs.twimg.com/images/themes/theme1/bg.png,https://abs.twimg.com/images/themes/theme1/bg.png,False,1DA1F2,C0DEED,DDEEF6,333333,True,http://pbs.twimg.com/profile_images/1162065948603539461/HBu0lI2b_normal.jpg,https://pbs.twimg.com/profile_images/1162065948603539461/HBu0lI2b_normal.jpg,,True,False,,,
18,709388957046280192,709388957046280192,TRUMP USA,trumpaboard,"America, USA",,Conservative University Professor/Trump Supporter for YEARS!,none,False,False,9051,6586,53,13767,19857,2016-03-14 14:41:21+00:00,,,False,,False,False,F5F8FA,,,False,1DA1F2,C0DEED,DDEEF6,333333,True,http://pbs.twimg.com/profile_images/1101509419580432384/kovt7h7l_normal.jpg,https://pbs.twimg.com/profile_images/1101509419580432384/kovt7h7l_normal.jpg,https://pbs.twimg.com/profile_banners/709388957046280192/1483044343,True,False,,,
19,1157885632426889216,1157885632426889216,RIDEON,WINGS0FINSANTY,"Sydney, New South Wales",,Realistic,none,False,False,81,185,0,3584,1259,2019-08-04 05:27:02+00:00,,,False,,False,False,F5F8FA,,,False,1DA1F2,C0DEED,DDEEF6,333333,True,http://pbs.twimg.com/profile_images/1157939190882955265/zLzn-gG6_normal.jpg,https://pbs.twimg.com/profile_images/1157939190882955265/zLzn-gG6_normal.jpg,https://pbs.twimg.com/profile_banners/1157885632426889216/1564909191,True,False,,,
20,3505560323,3505560323,Melissa    proud‚ùÑÔ∏è,NiteniteMelissa,,,"Nevertheless, she persisted! reclaiming my time Sweetheart, #theResistence #uniteblue #ImpeachTheMF abolish ICE #LPN",none,False,False,3327,4390,31,493415,233762,2015-08-31 21:04:22+00:00,,,True,,False,False,C0DEED,http://abs.twimg.com/images/themes/theme1/bg.png,https://abs.twimg.com/images/themes/theme1/bg.png,False,1DA1F2,C0DEED,DDEEF6,333333,True,http://pbs.twimg.com/profile_images/1011561037609480192/TpojJYCJ_normal.jpg,https://pbs.twimg.com/profile_images/1011561037609480192/TpojJYCJ_normal.jpg,https://pbs.twimg.com/profile_banners/3505560323/1486324570,True,False,,,
21,35696450,35696450,LS,pissed_now,"Memphis, TN",,"‚ÄòSay what you will about the sweet miracle of unquestioning faith, I consider a capacity for it terrifying and absolutely vile.‚Äô -Kurt Vonnegut, Mother Night",none,False,False,9622,10420,10,73220,17162,2009-04-27 07:40:53+00:00,,,False,,False,False,000000,http://abs.twimg.com/images/themes/theme4/bg.gif,https://abs.twimg.com/images/themes/theme4/bg.gif,False,1B95E0,000000,000000,000000,False,http://pbs.twimg.com/profile_images/1095318538510843905/Rp19CIp8_normal.jpg,https://pbs.twimg.com/profile_images/1095318538510843905/Rp19CIp8_normal.jpg,https://pbs.twimg.com/profile_banners/35696450/1571276476,False,False,,,
22,743954310770401285,743954310770401280,janine,Janineleach6600,,,,none,False,False,686,103,12,102766,37378,2016-06-17 23:51:44+00:00,,,False,,False,False,F5F8FA,,,False,1DA1F2,C0DEED,DDEEF6,333333,True,http://pbs.twimg.com/profile_images/795773941788921860/0rGRYPHy_normal.jpg,https://pbs.twimg.com/profile_images/795773941788921860/0rGRYPHy_normal.jpg,,True,False,,,
23,121171999,121171999,Liane Vinson,liane2552,,,"Retired school psychologist, full-time artist and I play with dogs at the shelter. Well, no more volunteering at the shelter.  The city took over, it now stinks",none,False,False,1139,268,110,837,164146,2010-03-08 17:09:31+00:00,,,True,,False,False,C0DEED,http://abs.twimg.com/images/themes/theme1/bg.png,https://abs.twimg.com/images/themes/theme1/bg.png,False,1DA1F2,C0DEED,DDEEF6,333333,True,http://pbs.twimg.com/profile_images/2504108074/n6eqp2y7k7xhhhi1ih6d_normal.jpeg,https://pbs.twimg.com/profile_images/2504108074/n6eqp2y7k7xhhhi1ih6d_normal.jpeg,,True,False,,,
24,846779323,846779323,Dawn hall,catfishqueen1,,,,none,False,False,950,1279,1,76195,37922,2012-09-26 04:42:25+00:00,,,False,,False,False,C0DEED,http://abs.twimg.com/images/themes/theme1/bg.png,https://abs.twimg.com/images/themes/theme1/bg.png,False,1DA1F2,C0DEED,DDEEF6,333333,True,http://pbs.twimg.com/profile_images/967087431936888833/DqSPX03e_normal.jpg,https://pbs.twimg.com/profile_images/967087431936888833/DqSPX03e_normal.jpg,,True,False,,,
25,823751044240842752,823751044240842752,"Dr.Neil Smith, D.O.",doctorneilsmith,,,,none,False,False,3520,5075,11,20105,87626,2017-01-24 04:35:28+00:00,,,True,,False,False,F5F8FA,,,False,1DA1F2,C0DEED,DDEEF6,333333,True,http://pbs.twimg.com/profile_images/823931443168456704/jbDt9Ak5_normal.jpg,https://pbs.twimg.com/profile_images/823931443168456704/jbDt9Ak5_normal.jpg,,True,False,,,
26,1909924326,1909924326,Patty,1966chevygirl,,,,none,False,False,92,125,0,8728,3701,2013-09-27 03:36:26+00:00,,,True,,False,False,C0DEED,http://abs.twimg.com/images/themes/theme1/bg.png,https://abs.twimg.com/images/themes/theme1/bg.png,False,1DA1F2,C0DEED,DDEEF6,333333,True,http://pbs.twimg.com/profile_images/378800000635192302/514b6832c29cb4e0c112a46965a85d14_normal.jpeg,https://pbs.twimg.com/profile_images/378800000635192302/514b6832c29cb4e0c112a46965a85d14_normal.jpeg,https://pbs.twimg.com/profile_banners/1909924326/1381508650,True,False,,,
27,598839859,598839859,Ahollaaaa,LastHolliday,Jersey,,"@Vikings , #JerseyStrong , John 3:16-17, RU ü¶â",none,False,False,604,415,4,16158,22336,2012-06-04 01:56:04+00:00,,,True,,False,False,59BEE4,http://abs.twimg.com/images/themes/theme14/bg.gif,https://abs.twimg.com/images/themes/theme14/bg.gif,True,8FCAE0,FFFFFF,191F22,4BB7DF,True,http://pbs.twimg.com/profile_images/1161091405336449025/o7zEsLCg_normal.jpg,https://pbs.twimg.com/profile_images/1161091405336449025/o7zEsLCg_normal.jpg,https://pbs.twimg.com/profile_banners/598839859/1526097437,False,False,,,
28,919603387796144128,919603387796144128,Maril√≥ Costa,PozasLola,Tierra/Earth,http://flip.it/hQkXrB,"If I block you, it‚Äôs because you‚Äôre a troll, a bot, a shameless gaslighter, or a member of the Dunning-Kruger brigade. #Kamala2020",none,False,False,763,3201,3,64049,45250,2017-10-15 16:38:27+00:00,,,False,,False,False,F5F8FA,,,False,1DA1F2,C0DEED,DDEEF6,333333,True,http://pbs.twimg.com/profile_images/1164528328327303169/UqeAyWQs_normal.jpg,https://pbs.twimg.com/profile_images/1164528328327303169/UqeAyWQs_normal.jpg,https://pbs.twimg.com/profile_banners/919603387796144128/1565318810,True,False,,,
29,703288361,703288361,Dalene VanScyoc,vanscyoc_dalene,,,,none,False,False,102,181,0,53161,26365,2013-10-07 00:20:01+00:00,,,False,,False,False,C0DEED,http://abs.twimg.com/images/themes/theme1/bg.png,https://abs.twimg.com/images/themes/theme1/bg.png,False,1DA1F2,C0DEED,DDEEF6,333333,True,http://abs.twimg.com/sticky/default_profile_images/default_profile_normal.png,https://abs.twimg.com/sticky/default_profile_images/default_profile_normal.png,,True,False,,,
30,1045074761263575040,1045074761263575040,AuntTatTat,AuntTatTat,USA,,"The right wing and the left wing belong to the same bird... but some libs are the whole bird..the CUCKOO BIRD!
#MAGA #NOHATERS NEED APPLY!
#CONSERVATIVE",none,False,False,382,1055,1,1391,3876,2018-09-26 22:16:54+00:00,,,True,,False,False,F5F8FA,,,False,1DA1F2,C0DEED,DDEEF6,333333,True,http://pbs.twimg.com/profile_images/1045076145572589574/pRQCkQ-i_normal.jpg,https://pbs.twimg.com/profile_images/1045076145572589574/pRQCkQ-i_normal.jpg,,True,False,,,
31,152795399,152795399,Pep√© Le Pew,JeSuisBernie,Pale Blue Dot,,"Science. Empathy. Condensed milk in my tea sometimes. 
#NotMeUs #Bernie2020",none,False,False,1215,779,136,7459,15796,2010-06-06 22:24:15+00:00,,,False,,False,False,000000,http://abs.twimg.com/images/themes/theme1/bg.png,https://abs.twimg.com/images/themes/theme1/bg.png,False,19CF86,000000,000000,000000,False,http://pbs.twimg.com/profile_images/1144526504639922176/N3fV2byA_normal.png,https://pbs.twimg.com/profile_images/1144526504639922176/N3fV2byA_normal.png,https://pbs.twimg.com/profile_banners/152795399/1452769454,False,False,,,
32,16287569,16287569,k8thoo,k8thoo,"Galveston, TX",,"Left leaner, occasional re-tweeter, interested party",none,False,False,621,1566,3,20685,10001,2008-09-14 21:28:48+00:00,,,False,,False,False,ACDED6,http://abs.twimg.com/images/themes/theme18/bg.gif,https://abs.twimg.com/images/themes/theme18/bg.gif,False,038543,EEEEEE,F6F6F6,333333,True,http://pbs.twimg.com/profile_images/90455201/Desert_Landscape_normal.jpg,https://pbs.twimg.com/profile_images/90455201/Desert_Landscape_normal.jpg,,False,False,,,
33,252441393,252441393,judge,dearjudge,,,,none,False,False,1732,4999,189,181855,234966,2011-02-15 05:51:34+00:00,,,False,,False,False,C0DEED,http://abs.twimg.com/images/themes/theme1/bg.png,https://abs.twimg.com/images/themes/theme1/bg.png,False,1DA1F2,C0DEED,DDEEF6,333333,True,http://pbs.twimg.com/profile_images/1093023071374532608/GPKa9bYk_normal.jpg,https://pbs.twimg.com/profile_images/1093023071374532608/GPKa9bYk_normal.jpg,,True,False,,,
34,611399070,611399070,Mary Evans Ex-GOP,granmary7235,,,NC conservative whose heroes are Ronald Reagan & Margaret Thatcher.,none,False,False,1373,2655,73,482,178819,2012-06-18 02:34:28+00:00,,,True,,False,False,000000,http://abs.twimg.com/images/themes/theme1/bg.png,https://abs.twimg.com/images/themes/theme1/bg.png,False,1B95E0,000000,000000,000000,False,http://pbs.twimg.com/profile_images/2323624315/2sotewp2m5u9tub2suml_normal.jpeg,https://pbs.twimg.com/profile_images/2323624315/2sotewp2m5u9tub2suml_normal.jpeg,,False,False,,,
35,3167639097,3167639097,nancy green,nancy73gg,"Austin, TX",,"retired flight attendant , conservative, Christian. mom of two. world traveler, army brat.6th generation Texan MAGA",none,False,False,6527,4840,234,297598,315682,2015-04-15 00:56:18+00:00,,,True,,False,False,C0DEED,http://abs.twimg.com/images/themes/theme1/bg.png,https://abs.twimg.com/images/themes/theme1/bg.png,False,1DA1F2,C0DEED,DDEEF6,333333,True,http://pbs.twimg.com/profile_images/819762672715567106/cEn-Sj5t_normal.jpg,https://pbs.twimg.com/profile_images/819762672715567106/cEn-Sj5t_normal.jpg,,True,False,,,
36,767405834615881728,767405834615881728,Persis Hope,PersisHope,,,,none,False,False,21,455,0,4022,635,2016-08-21 16:59:43+00:00,,,False,,False,False,F5F8FA,,,False,1DA1F2,C0DEED,DDEEF6,333333,True,http://abs.twimg.com/sticky/default_profile_images/default_profile_normal.png,https://abs.twimg.com/sticky/default_profile_images/default_profile_normal.png,,True,False,,,
37,824807493578534912,824807493578534912,Katherine Benton,junerose71,"California, USA",,,none,False,False,4,114,0,4772,521,2017-01-27 02:33:25+00:00,,,False,,False,False,F5F8FA,,,False,1DA1F2,C0DEED,DDEEF6,333333,True,http://abs.twimg.com/sticky/default_profile_images/default_profile_normal.png,https://abs.twimg.com/sticky/default_profile_images/default_profile_normal.png,,True,False,,,
38,302715471,302715471,There Will Be A Trial,bakerpg726,Wichita America,,"Old bald tired and lucky
Disclaimer: The majority of my comments sounded much better in my head.",none,False,False,1418,1439,6,115783,57343,2011-05-21 16:51:02+00:00,,,True,,False,False,FFF04D,http://abs.twimg.com/images/themes/theme19/bg.gif,https://abs.twimg.com/images/themes/theme19/bg.gif,True,981CEB,FFF8AD,F6FFD1,333333,True,http://pbs.twimg.com/profile_images/1372389829/Chiefs_Logo_normal.jpg,https://pbs.twimg.com/profile_images/1372389829/Chiefs_Logo_normal.jpg,https://pbs.twimg.com/profile_banners/302715471/1563074537,False,False,,,
39,22181462,22181462,sara mcconnell,smc752,Tampa Bay,,,none,False,False,622,1341,2,137181,206382,2009-02-27 19:53:03+00:00,,,True,,False,False,EDECE9,http://abs.twimg.com/images/themes/theme3/bg.gif,https://abs.twimg.com/images/themes/theme3/bg.gif,False,088253,D3D2CF,E3E2DE,634047,True,http://pbs.twimg.com/profile_images/769904446448996353/GTEXE8eW_normal.jpg,https://pbs.twimg.com/profile_images/769904446448996353/GTEXE8eW_normal.jpg,https://pbs.twimg.com/profile_banners/22181462/1368272813,False,False,,,
40,3178537229,3178537229,PEDRO GUERRA PALMA,Elektronnlibre,CIUDADANO SUDAMERICANO...,,TODO LO QUE VES ACA ES REAL... ‚≠êüåü‚òÄ–û–Ω–∏ –Ω–µ –≤–µ—Ä–Ω—É—Ç—Å—è,regular,False,False,25567,28015,108,147719,235885,2015-04-18 03:41:58+00:00,,,False,,False,False,000000,http://abs.twimg.com/images/themes/theme1/bg.png,https://abs.twimg.com/images/themes/theme1/bg.png,False,E81C4F,000000,000000,000000,False,http://pbs.twimg.com/profile_images/1162114294047223812/eNknD17F_normal.jpg,https://pbs.twimg.com/profile_images/1162114294047223812/eNknD17F_normal.jpg,https://pbs.twimg.com/profile_banners/3178537229/1562280116,False,False,,,
41,754472973172510721,754472973172510720,Denise Resists,wyrick_denise,"West Hartford, CT",,"Impeach 45. Wanting my kids to live in a world where they are valued, loved, and feel safe. ProLGBTQ üè≥Ô∏è‚ÄçüåàWomen‚Äôs Rightsü¶∏üèª‚Äç‚ôÄÔ∏è Racial JusticeüëäüèΩ #Resist",none,False,False,1418,1782,1,4396,349,2016-07-17 00:29:09+00:00,,,False,,False,False,F5F8FA,,,False,1DA1F2,C0DEED,DDEEF6,333333,True,http://pbs.twimg.com/profile_images/1046355676577099776/a343kRbx_normal.jpg,https://pbs.twimg.com/profile_images/1046355676577099776/a343kRbx_normal.jpg,https://pbs.twimg.com/profile_banners/754472973172510721/1570968582,True,False,,,
42,384768910,384768910,cahitoktay,CahitOktay,New York,,The views expressed here are my own. Reteweet does not mean endorsed.,none,False,False,723,703,9,5304,10415,2011-10-04 09:02:44+00:00,,,True,,False,False,C0DEED,http://abs.twimg.com/images/themes/theme1/bg.png,https://abs.twimg.com/images/themes/theme1/bg.png,False,1DA1F2,C0DEED,DDEEF6,333333,True,http://pbs.twimg.com/profile_images/1006310994426187777/re_ETXGn_normal.jpg,https://pbs.twimg.com/profile_images/1006310994426187777/re_ETXGn_normal.jpg,https://pbs.twimg.com/profile_banners/384768910/1570830724,True,False,,,
43,15978129,15978129,Robbin Milne‚è≥#Antiwar #4Peace,RobbinMilne,"United States, Northern California",http://robbintmilne.com/,Abstract painter visual artist üé® üñåÔ∏è#stopwars #nomorewars #endwars Politically Independent ‚òÆÔ∏è #speaktruthtopower #factsmatter,none,False,False,698,985,30,15131,20880,2008-08-25 05:21:14+00:00,,,False,,False,False,3F83EE,http://abs.twimg.com/images/themes/theme1/bg.png,https://abs.twimg.com/images/themes/theme1/bg.png,True,4D9900,8E20DF,0A0B0A,E14514,True,http://pbs.twimg.com/profile_images/1169103939196747776/RPe40nwq_normal.jpg,https://pbs.twimg.com/profile_images/1169103939196747776/RPe40nwq_normal.jpg,https://pbs.twimg.com/profile_banners/15978129/1571544992,False,False,,,
44,835786237,835786237,Suspended Account,Suspended_Acct,,,"This account has been suspended,
 so don't look here!",none,False,False,7145,6134,283,115545,175386,2012-09-20 15:20:09+00:00,,,True,,False,False,12120F,http://abs.twimg.com/images/themes/theme14/bg.gif,https://abs.twimg.com/images/themes/theme14/bg.gif,True,F02D13,000000,DDEEF6,333333,True,http://pbs.twimg.com/profile_images/1098055424287432705/03IjqsRb_normal.png,https://pbs.twimg.com/profile_images/1098055424287432705/03IjqsRb_normal.png,https://pbs.twimg.com/profile_banners/835786237/1348165828,False,False,,,
45,26635242,26635242,Claudia Roberts ‚≠êÔ∏è‚≠êÔ∏è‚≠êÔ∏è,roberts2350,"Texas, USA",,"Wife, mom of three awesome boys, proud daughter of WWII Navy Vet, #MAGA #Trump2020 #KAG #BuildTheWall #Americafirst üá∫üá∏‚≠êÔ∏èüá∫üá∏",none,False,False,10316,10872,4,172874,120061,2009-03-26 00:05:00+00:00,,,False,,False,False,FF6699,http://abs.twimg.com/images/themes/theme11/bg.gif,https://abs.twimg.com/images/themes/theme11/bg.gif,True,B40B43,CC3366,E5507E,362720,True,http://pbs.twimg.com/profile_images/1088533241051729920/xXhn73tq_normal.jpg,https://pbs.twimg.com/profile_images/1088533241051729920/xXhn73tq_normal.jpg,https://pbs.twimg.com/profile_banners/26635242/1558238505,False,False,,,
46,2177202680,2177202680,Hogrider Kafir,HogriderKafir,,,"I support the Counter Jihad Coalition, Patriot, veteran, God Family and Country.",none,False,False,850,2100,4,7055,15378,2013-11-06 02:40:29+00:00,,,False,,False,False,C0DEED,http://abs.twimg.com/images/themes/theme1/bg.png,https://abs.twimg.com/images/themes/theme1/bg.png,False,1DA1F2,C0DEED,DDEEF6,333333,True,http://pbs.twimg.com/profile_images/378800000764319975/7054cfa9a8d3fe4a078dfb3d7a943a5e_normal.jpeg,https://pbs.twimg.com/profile_images/378800000764319975/7054cfa9a8d3fe4a078dfb3d7a943a5e_normal.jpeg,,True,False,,,
47,256074835,256074835,Your Fuzzy Puppy,jackmaness,"Lone Oak, TX",http://www.yourfuzzypuppy.com,"Small in home breeder of Shih-Tzu's ONLY. No kennels, We have a small selection when Mother Nature lets us.
Contact Us @ yourfuzzypuppy@msn.com",none,False,False,9,13,0,1,786,2011-02-22 16:15:11+00:00,,,False,,False,False,C0DEED,http://abs.twimg.com/images/themes/theme1/bg.png,https://abs.twimg.com/images/themes/theme1/bg.png,False,1DA1F2,C0DEED,DDEEF6,333333,True,http://pbs.twimg.com/profile_images/3435606679/2a96425d89f0234cc0aeb3f567c37f7d_normal.jpeg,https://pbs.twimg.com/profile_images/3435606679/2a96425d89f0234cc0aeb3f567c37f7d_normal.jpeg,,True,False,,,
48,898261692,898261692,Cathy Avera,AveraCathy,"Florida, USA",,A believer of MAGA I love our President,none,False,False,187,203,1,8599,4534,2012-10-22 19:45:59+00:00,,,False,,False,False,C0DEED,http://abs.twimg.com/images/themes/theme1/bg.png,https://abs.twimg.com/images/themes/theme1/bg.png,False,1DA1F2,C0DEED,DDEEF6,333333,True,http://pbs.twimg.com/profile_images/1016705326316433409/9V-1Pg4i_normal.jpg,https://pbs.twimg.com/profile_images/1016705326316433409/9V-1Pg4i_normal.jpg,,True,False,,,
49,1172906266852823040,1172906266852823040,Jon du Paul,jondupaul,,,"Si vis pacem, carpe diem. Proud member of the Doctrines of Human Law, Decency and Order (DHLDO).",none,False,False,2,45,0,25,763,2019-09-14 16:13:49+00:00,,,False,,False,False,F5F8FA,,,False,1DA1F2,C0DEED,DDEEF6,333333,True,http://pbs.twimg.com/profile_images/1175425815305162752/qNefJajE_normal.jpg,https://pbs.twimg.com/profile_images/1175425815305162752/qNefJajE_normal.jpg,https://pbs.twimg.com/profile_banners/1172906266852823040/1569078409,True,False,,,
50,4135890257,4135890257,MISS MANIFESTA,1stPersnShooter,Out Here ,,"In love with hip hop. Writer, Sex Educator ,Pro Dominatrix , Fetish Photography , Videographer.",none,False,False,186,161,2,4958,5884,2015-11-07 18:00:48+00:00,,,True,,False,False,C0DEED,http://abs.twimg.com/images/themes/theme1/bg.png,https://abs.twimg.com/images/themes/theme1/bg.png,False,1DA1F2,C0DEED,DDEEF6,333333,True,http://pbs.twimg.com/profile_images/1059842932033896451/LI2jepfC_normal.jpg,https://pbs.twimg.com/profile_images/1059842932033896451/LI2jepfC_normal.jpg,https://pbs.twimg.com/profile_banners/4135890257/1516573775,True,False,,,
51,386085789,386085789,water you doingüåäüåäüåä,water_you_doing,,,"I distrust those people who know so well what God wants them to do, because I notice it always coincides with their own desires.  --Susan B. Anthony",none,False,False,978,1279,12,95665,48490,2011-10-06 16:58:38+00:00,,,False,,False,False,642D8B,http://abs.twimg.com/images/themes/theme10/bg.gif,https://abs.twimg.com/images/themes/theme10/bg.gif,True,FF0000,65B0DA,7AC3EE,3D1957,True,http://pbs.twimg.com/profile_images/863037848102031361/7TzwzwJH_normal.jpg,https://pbs.twimg.com/profile_images/863037848102031361/7TzwzwJH_normal.jpg,https://pbs.twimg.com/profile_banners/386085789/1564090344,False,False,,,
52,1232524344,1232524344,dortbag,gtg11111111,,,,none,False,False,310,614,3,18389,4312,2013-03-02 02:28:00+00:00,,,True,,False,False,000000,http://abs.twimg.com/images/themes/theme5/bg.gif,https://abs.twimg.com/images/themes/theme5/bg.gif,False,483D8B,000000,000000,000000,False,http://pbs.twimg.com/profile_images/1159483196389625857/FyEfXk8l_normal.jpg,https://pbs.twimg.com/profile_images/1159483196389625857/FyEfXk8l_normal.jpg,https://pbs.twimg.com/profile_banners/1232524344/1570747609,False,False,,,
53,1020309172045402112,1020309172045402112,Dale Puddicombe,DalePuddicombe,"Florida, USA",,I am 61 and have Cancer I am Trying to beat it I put my life in the hands of Gods Lets Make America Great  Again! ‚ùåü§îü§îü§î@codeofvets @luvnewinfo @TrumpsBelle ‚ùå,none,False,False,4370,4607,0,27123,22896,2018-07-20 14:07:17+00:00,,,False,,False,False,000000,http://abs.twimg.com/images/themes/theme1/bg.png,https://abs.twimg.com/images/themes/theme1/bg.png,False,E81C4F,000000,000000,000000,False,http://pbs.twimg.com/profile_images/1020312451072475136/Dk_1Sd4i_normal.jpg,https://pbs.twimg.com/profile_images/1020312451072475136/Dk_1Sd4i_normal.jpg,https://pbs.twimg.com/profile_banners/1020309172045402112/1532183669,False,False,,,
54,29774600,29774600,AC.Chabre,ChabreCo,Washington State,,"Golf hacker, fly fisher, love family,  blues, Jeep life, retired. Cowboys & Warriors fan since 1966. Cancer survivor since May 2019. #FightCancer #voteblue2020",none,False,False,474,1459,7,14225,9929,2009-04-08 17:55:20+00:00,,,True,,False,False,325D66,http://abs.twimg.com/images/themes/theme15/bg.png,https://abs.twimg.com/images/themes/theme15/bg.png,True,27A4D1,276366,E3E6E6,050405,True,http://pbs.twimg.com/profile_images/1002249640404664320/KJ6fIGna_normal.jpg,https://pbs.twimg.com/profile_images/1002249640404664320/KJ6fIGna_normal.jpg,https://pbs.twimg.com/profile_banners/29774600/1526471105,False,False,,,
55,744898699151675392,744898699151675392,üíÄüëªüéÉ increasingly spooky salsa üéÉüëªüíÄ,salsacaek,"Baltimore, MD",,Just trying to get by my dudes,none,False,False,215,568,4,13446,18822,2016-06-20 14:24:24+00:00,,,True,,False,False,F5F8FA,,,False,1DA1F2,C0DEED,DDEEF6,333333,True,http://pbs.twimg.com/profile_images/1185583516689534976/x3Sjd1IZ_normal.jpg,https://pbs.twimg.com/profile_images/1185583516689534976/x3Sjd1IZ_normal.jpg,https://pbs.twimg.com/profile_banners/744898699151675392/1571103684,True,False,,,
56,33517349,33517349,Vishal,iVishaaal,"Mumbai, Maharashtra",,What do you want? Tweets are personal.,none,False,False,327,517,12,12413,25014,2009-04-20 13:50:07+00:00,,,True,,False,False,C0DEED,http://abs.twimg.com/images/themes/theme1/bg.png,https://abs.twimg.com/images/themes/theme1/bg.png,False,1DA1F2,C0DEED,DDEEF6,333333,True,http://pbs.twimg.com/profile_images/1160212516724596737/sI0Gfs5J_normal.jpg,https://pbs.twimg.com/profile_images/1160212516724596737/sI0Gfs5J_normal.jpg,https://pbs.twimg.com/profile_banners/33517349/1398344161,True,False,,,
57,591602046,591602046,Chase Asburry,ChaseAsburry,,,I retweet more than I tweet and it's almost all politics. You also get some great I want to die tweets due to pain. So bonus!,none,False,False,88,171,1,12517,7193,2012-05-27 04:54:15+00:00,,,True,,False,False,C0DEED,http://abs.twimg.com/images/themes/theme1/bg.png,https://abs.twimg.com/images/themes/theme1/bg.png,False,1DA1F2,C0DEED,DDEEF6,333333,True,http://pbs.twimg.com/profile_images/1098041560132931584/ffuVbpVS_normal.jpg,https://pbs.twimg.com/profile_images/1098041560132931584/ffuVbpVS_normal.jpg,,True,False,,,
58,1146370788376948736,1146370788376948736,Magnificent,IronyIsFunny18,I am on Mars,,"Not insecure to quantify nor have need for validation of existence by listing pursuits and materialistic garbage one cannot take with them to the grave

Citizen",none,False,False,283,734,4,3516,18169,2019-07-03 10:51:09+00:00,,,False,,False,False,F5F8FA,,,False,1DA1F2,C0DEED,DDEEF6,333333,True,http://pbs.twimg.com/profile_images/1146370917980938240/w34unk2y_normal.jpg,https://pbs.twimg.com/profile_images/1146370917980938240/w34unk2y_normal.jpg,https://pbs.twimg.com/profile_banners/1146370788376948736/1562151535,True,False,,,
59,1068698080910954496,1068698080910954496,kikegavilan,kikegav84653750,,,,none,False,False,8,24,0,3,4394,2018-12-01 02:47:32+00:00,,,False,,False,False,F5F8FA,,,False,1DA1F2,C0DEED,DDEEF6,333333,True,http://abs.twimg.com/sticky/default_profile_images/default_profile_normal.png,https://abs.twimg.com/sticky/default_profile_images/default_profile_normal.png,,True,False,,,
60,800443909625155584,800443909625155584,Pamela Ball,PamelaBallNotCr,,,#TRUMPTRAIN #MAGA #KAG #TheGreatAwakening #GodBlessPotus,none,False,False,4493,5001,0,101524,88109,2016-11-20 21:01:14+00:00,,,False,,False,False,F5F8FA,,,False,1DA1F2,C0DEED,DDEEF6,333333,True,http://pbs.twimg.com/profile_images/883831567663149056/jKIGCWMv_normal.jpg,https://pbs.twimg.com/profile_images/883831567663149056/jKIGCWMv_normal.jpg,https://pbs.twimg.com/profile_banners/800443909625155584/1499556836,True,False,,,
61,928467010534518784,928467010534518784,Kevin Kyle is üëÄ,Kevswatching,,,#resist.HATE trump he makes me say fuck a lot -won‚Äôt sleep until CHUMP is in prison-watching to spread the truth and expose the lies. #ImpeachTheMotherFucker,none,False,False,6040,6309,0,48078,42360,2017-11-09 03:39:20+00:00,,,True,,False,False,F5F8FA,,,False,1DA1F2,C0DEED,DDEEF6,333333,True,http://pbs.twimg.com/profile_images/999297760321986566/jbIvnLyr_normal.jpg,https://pbs.twimg.com/profile_images/999297760321986566/jbIvnLyr_normal.jpg,https://pbs.twimg.com/profile_banners/928467010534518784/1560128591,True,False,,,
62,22196150,22196150,Gary Floyd,geefloyd,Boston,http://theroadsometimestravelled.blogspot.com/,"writer, scholar and traveller",none,False,False,302,698,23,20568,34515,2009-02-27 21:55:59+00:00,,,False,,False,False,ACDED6,http://abs.twimg.com/images/themes/theme18/bg.gif,https://abs.twimg.com/images/themes/theme18/bg.gif,False,038543,EEEEEE,F6F6F6,333333,True,http://pbs.twimg.com/profile_images/84214368/early_pict_normal.jpg,https://pbs.twimg.com/profile_images/84214368/early_pict_normal.jpg,https://pbs.twimg.com/profile_banners/22196150/1356489410,False,False,,,
63,1074029631005712386,1074029631005712384,andrea,andrea82006586,,,,none,False,False,11,156,0,1406,678,2018-12-15 19:53:13+00:00,,,False,,False,False,F5F8FA,,,False,1DA1F2,C0DEED,DDEEF6,333333,True,http://abs.twimg.com/sticky/default_profile_images/default_profile_normal.png,https://abs.twimg.com/sticky/default_profile_images/default_profile_normal.png,,True,False,,,
64,2868299538,2868299538,Gotmoxie2,gotmoxie2,,,"Following Jesus, Seeker of truth, MAGA, End the FED, stop the Cabal, Patriot unite, Brexit and Yellow Vests, end income taxes, Pro-life, stop big govt.",none,False,False,4331,4779,0,11538,12799,2014-10-21 00:49:10+00:00,,,True,,False,False,C0DEED,http://abs.twimg.com/images/themes/theme1/bg.png,https://abs.twimg.com/images/themes/theme1/bg.png,False,1DA1F2,C0DEED,DDEEF6,333333,True,http://pbs.twimg.com/profile_images/524362399986749440/ubiteu8v_normal.jpeg,https://pbs.twimg.com/profile_images/524362399986749440/ubiteu8v_normal.jpeg,https://pbs.twimg.com/profile_banners/2868299538/1492565643,True,False,,,
65,107786881,107786881,Mark Aziz,birdtrees,"Sarasota, FL",,You've been chosen as an extra in the movie adaptation of the sequel to your life... #VisionaryArt #InspirationalQuotes #Anarchist #Dissent #Activism,none,False,False,1169,1572,18,109437,231453,2010-01-23 18:48:16+00:00,,,True,,False,False,000000,http://abs.twimg.com/images/themes/theme1/bg.png,https://abs.twimg.com/images/themes/theme1/bg.png,False,3B94D9,000000,000000,000000,False,http://pbs.twimg.com/profile_images/1013353622816600064/KAtny7Hm_normal.jpg,https://pbs.twimg.com/profile_images/1013353622816600064/KAtny7Hm_normal.jpg,https://pbs.twimg.com/profile_banners/107786881/1530438128,False,False,,,
66,1067823249872973826,1067823249872973824,True and Immaterial,ken96221908,"California, USA",,Common Sense. No Whining. Deplorable and Despicable.,none,False,False,284,759,1,2921,3841,2018-11-28 16:51:16+00:00,,,True,,False,False,F5F8FA,,,False,1DA1F2,C0DEED,DDEEF6,333333,True,http://pbs.twimg.com/profile_images/1168154919825596416/oBkpdH4-_normal.jpg,https://pbs.twimg.com/profile_images/1168154919825596416/oBkpdH4-_normal.jpg,,True,False,,,
67,889419387584876544,889419387584876544,Rita Mcquinn,rita_mcquinn,,,,none,False,False,54,157,0,23403,7219,2017-07-24 09:38:01+00:00,,,False,,False,False,F5F8FA,,,False,1DA1F2,C0DEED,DDEEF6,333333,True,http://abs.twimg.com/sticky/default_profile_images/default_profile_normal.png,https://abs.twimg.com/sticky/default_profile_images/default_profile_normal.png,,True,False,,,
68,138515584,138515584,Venezuela Patria mia,sacinarajana,Caracas,,Venezuela soberana y chavista,none,False,False,3642,5000,7,16743,129909,2010-04-29 19:37:36+00:00,,,True,,False,False,C0DEED,http://abs.twimg.com/images/themes/theme1/bg.png,https://abs.twimg.com/images/themes/theme1/bg.png,False,1DA1F2,C0DEED,DDEEF6,333333,True,http://pbs.twimg.com/profile_images/1178420465251049472/WsSvKcBP_normal.jpg,https://pbs.twimg.com/profile_images/1178420465251049472/WsSvKcBP_normal.jpg,https://pbs.twimg.com/profile_banners/138515584/1568835208,True,False,,,
69,42332041,42332041,Zeza Lula Estrela1‚É£3‚É£,zezaLulaestrela,,,1‚É£3‚É£,regular,False,False,8358,1354,168,24015,363721,2009-05-25 02:28:03+00:00,,,False,,False,False,C0DEED,http://abs.twimg.com/images/themes/theme1/bg.png,https://abs.twimg.com/images/themes/theme1/bg.png,True,0084B4,C0DEED,DDEEF6,333333,True,http://pbs.twimg.com/profile_images/1146095361/2a62ccc0-03fc-4ee9-9702-08a13e68896b_normal.png,https://pbs.twimg.com/profile_images/1146095361/2a62ccc0-03fc-4ee9-9702-08a13e68896b_normal.png,https://pbs.twimg.com/profile_banners/42332041/1402062325,False,False,,,
70,346815193,346815193,Ramon Sanchez,only1razor,Ohio,,artist,none,False,False,106,236,1,22331,8579,2011-08-01 21:48:32+00:00,,,False,,False,False,C0DEED,http://abs.twimg.com/images/themes/theme1/bg.png,https://abs.twimg.com/images/themes/theme1/bg.png,False,1DA1F2,C0DEED,DDEEF6,333333,True,http://pbs.twimg.com/profile_images/949094702921338880/oBqdM-Of_normal.jpg,https://pbs.twimg.com/profile_images/949094702921338880/oBqdM-Of_normal.jpg,https://pbs.twimg.com/profile_banners/346815193/1484696607,True,False,,,
71,358856182,358856182,Julian Kot,JulianKot,Ciudad Aut√≥noma de Buenos Aire,,"#SanMartiniano y #Comunista‚ù£ |
En Comisi√≥n de RRII del @pcaarg - @pca_rri
Militando x un Socialismo de empanadas y vino tinto üá¶üá∑‚úä
#NoNosDaLoMismo #FueraMacri",none,False,False,3301,3423,7,37473,11271,2011-08-20 16:30:15+00:00,,,True,,False,False,1A1B1F,http://abs.twimg.com/images/themes/theme9/bg.gif,https://abs.twimg.com/images/themes/theme9/bg.gif,False,2FC2EF,181A1E,252429,666666,True,http://pbs.twimg.com/profile_images/1145413151950815232/v6SXRGbB_normal.jpg,https://pbs.twimg.com/profile_images/1145413151950815232/v6SXRGbB_normal.jpg,https://pbs.twimg.com/profile_banners/358856182/1502337209,False,False,,,
72,1075435874,1075435874,Freedomfighter üá®üá¶,MM47821446,Canada üá®üá¶ ,,100% for Q & DJT ‚ù§Ô∏è,none,False,False,1623,651,1,99842,116219,2013-01-10 02:12:46+00:00,,,False,,False,False,C0DEED,http://abs.twimg.com/images/themes/theme1/bg.png,https://abs.twimg.com/images/themes/theme1/bg.png,False,1DA1F2,C0DEED,DDEEF6,333333,True,http://pbs.twimg.com/profile_images/1113154866996699136/kaxAvjUL_normal.jpg,https://pbs.twimg.com/profile_images/1113154866996699136/kaxAvjUL_normal.jpg,https://pbs.twimg.com/profile_banners/1075435874/1550177608,True,False,,,
73,954516433337139200,954516433337139200,Richard POULTER JR.,RichardPOULTER3,"Fresno, Ca.",,"Retired Marine 1Sgt.  Pro TRUMP! NRA, VETS, LEO‚ÄôS, First Responders, PATRIOTS, ISRAEL, MAGA üá∫üá∏üá∫üá∏üá∫üá∏üá∫üá∏",none,False,False,10014,10947,3,56314,70399,2018-01-20 00:50:26+00:00,,,False,,False,False,F5F8FA,,,False,1DA1F2,C0DEED,DDEEF6,333333,True,http://pbs.twimg.com/profile_images/972557625660358657/mznu1QCG_normal.jpg,https://pbs.twimg.com/profile_images/972557625660358657/mznu1QCG_normal.jpg,,True,False,,,
74,913955426,913955426,Michael Hardoin,michael_hardoin,"Santa Barbara, CA",http://nra.com,Michigan man married to a California girl! conservative,none,False,False,514,4960,2,2829,2088,2012-10-30 05:29:47+00:00,,,True,,False,False,C0DEED,http://abs.twimg.com/images/themes/theme1/bg.png,https://abs.twimg.com/images/themes/theme1/bg.png,False,1DA1F2,C0DEED,DDEEF6,333333,True,http://pbs.twimg.com/profile_images/986435600176721921/FEh4d4wP_normal.jpg,https://pbs.twimg.com/profile_images/986435600176721921/FEh4d4wP_normal.jpg,,True,False,,,
75,1075592115575578625,1075592115575578624,Jorah of the Squad üåπ,MoarMeme,Murica,,"The #NoMiddleGround train to #NoMiddleGround city is the leaving #NoMiddleGround station at #NoMiddleGround o'clock and this is the last call.

ALL ABOARD!",none,False,False,712,884,0,7379,3203,2018-12-20 03:21:58+00:00,,,False,,False,False,000000,http://abs.twimg.com/images/themes/theme1/bg.png,https://abs.twimg.com/images/themes/theme1/bg.png,False,3967D6,000000,000000,000000,False,http://pbs.twimg.com/profile_images/1075594863775752193/bX-r7ZJn_normal.jpg,https://pbs.twimg.com/profile_images/1075594863775752193/bX-r7ZJn_normal.jpg,https://pbs.twimg.com/profile_banners/1075592115575578625/1560903958,False,False,,,
76,1106740527163150341,1106740527163150336,RS_Benedict,benedict_rs,,http://rs-benedict.com,I write about monsters. Host of @RiteGud. Patreon: https://soundcloud.com/ritegud,none,False,False,635,483,6,24285,9529,2019-03-16 02:14:38+00:00,,,False,,False,False,F5F8FA,,,False,1DA1F2,C0DEED,DDEEF6,333333,True,http://pbs.twimg.com/profile_images/1119780005414932480/_uU7_0dr_normal.png,https://pbs.twimg.com/profile_images/1119780005414932480/_uU7_0dr_normal.png,https://pbs.twimg.com/profile_banners/1106740527163150341/1552704953,True,False,,,
77,1173999386990448640,1173999386990448640,Anne BluInBama,AnneBlu10221009,"Tuscaloosa, AL",,#Resistance #Resist #NewGreenDeal,none,False,False,217,1060,0,5787,1122,2019-09-17 16:37:45+00:00,,,False,,False,False,F5F8FA,,,False,1DA1F2,C0DEED,DDEEF6,333333,True,http://pbs.twimg.com/profile_images/1183860983342784515/C4XwUf86_normal.jpg,https://pbs.twimg.com/profile_images/1183860983342784515/C4XwUf86_normal.jpg,https://pbs.twimg.com/profile_banners/1173999386990448640/1571089429,True,False,,,
78,32583886,32583886,Shawn Williamson üåäüåäüåäüåäüåäüåä,Saffron007,"Freeland, Venice ",,"Wife, mom",none,False,False,144,249,1,42517,16235,2009-04-17 21:05:36+00:00,,,True,,False,False,C0DEED,http://abs.twimg.com/images/themes/theme1/bg.png,https://abs.twimg.com/images/themes/theme1/bg.png,False,1DA1F2,C0DEED,DDEEF6,333333,True,http://pbs.twimg.com/profile_images/1080191031671488516/AhG8hMD2_normal.jpg,https://pbs.twimg.com/profile_images/1080191031671488516/AhG8hMD2_normal.jpg,https://pbs.twimg.com/profile_banners/32583886/1546372586,True,False,,,
79,999323164336427010,999323164336427008,The Go To Guy ‚Äπ(‚Ä¢¬ø‚Ä¢)‚Ä∫,GO05138566,,,,none,False,False,47,61,0,23553,19110,2018-05-23 16:16:23+00:00,,,False,,False,False,F5F8FA,,,False,1DA1F2,C0DEED,DDEEF6,333333,True,http://pbs.twimg.com/profile_images/1090676693826748416/WdrE7yRv_normal.jpg,https://pbs.twimg.com/profile_images/1090676693826748416/WdrE7yRv_normal.jpg,,True,False,,,
80,1093361703159562240,1093361703159562240,George Burgess,georgeburgess74,"Hazlet, NJ",,"Married, Teacher, Union Ironworker, USMC Veteran. Deeply concerned. Not Me,Us.",none,False,False,7407,7206,11,4307,2575,2019-02-07 04:11:58+00:00,,,True,,False,False,F5F8FA,,,False,1DA1F2,C0DEED,DDEEF6,333333,True,http://pbs.twimg.com/profile_images/1093623157842415616/4Th-43vS_normal.jpg,https://pbs.twimg.com/profile_images/1093623157842415616/4Th-43vS_normal.jpg,https://pbs.twimg.com/profile_banners/1093361703159562240/1569640348,True,False,,,
81,861577233831534592,861577233831534592,ganjar,ganjar54519533,,,,none,False,False,17,12,0,246,1183,2017-05-08 13:43:14+00:00,,,False,,False,False,F5F8FA,,,False,1DA1F2,C0DEED,DDEEF6,333333,True,http://pbs.twimg.com/profile_images/964695743188512768/RNBGrR2e_normal.jpg,https://pbs.twimg.com/profile_images/964695743188512768/RNBGrR2e_normal.jpg,https://pbs.twimg.com/profile_banners/861577233831534592/1518836473,True,False,,,
82,392921294,392921294,Lysa Fisk,LysaFisk,"Des Moines, Iowa",,Confucius say: War is won not by who's right but who's left.,none,False,False,170,728,9,4551,4231,2011-10-17 19:22:02+00:00,,,False,,False,False,775C60,http://abs.twimg.com/images/themes/theme1/bg.png,https://abs.twimg.com/images/themes/theme1/bg.png,True,B6AA93,E3D6A0,D8CDA4,93847E,True,http://pbs.twimg.com/profile_images/1101045893418151936/gCrXTei8_normal.jpg,https://pbs.twimg.com/profile_images/1101045893418151936/gCrXTei8_normal.jpg,https://pbs.twimg.com/profile_banners/392921294/1551344772,False,False,,,
83,471648820,471648820,Pam T. Is it ever gonna be over?,thebasslady,,,"Love the bass, Steelers fan. Pittsburgh-born, Chicago-bred. I #Resist all bullüí© =ü•ÄBernieBros/Trumpers=immediate block. My last POTUS was #44, and that's that. üåä",none,False,False,4870,4641,44,79311,31117,2012-01-23 03:20:22+00:00,,,False,,False,False,8B542B,http://abs.twimg.com/images/themes/theme8/bg.gif,https://abs.twimg.com/images/themes/theme8/bg.gif,False,9D582E,D9B17E,EADEAA,333333,True,http://pbs.twimg.com/profile_images/976263624623906816/F0Jl8pMc_normal.jpg,https://pbs.twimg.com/profile_images/976263624623906816/F0Jl8pMc_normal.jpg,https://pbs.twimg.com/profile_banners/471648820/1522197034,False,False,,,
